{
  "hash": "d1e8ed91",
  "configHash": "26442433",
  "lockfileHash": "18a483c4",
  "browserHash": "2f4e6e77",
  "optimized": {
    "@angular/common/http": {
      "src": "../../../../../../node_modules/@angular/common/fesm2022/http.mjs",
      "file": "@angular_common_http.js",
      "fileHash": "5861f6f0",
      "needsInterop": false
    },
    "@angular/core": {
      "src": "../../../../../../node_modules/@angular/core/fesm2022/core.mjs",
      "file": "@angular_core.js",
      "fileHash": "89085098",
      "needsInterop": false
    },
    "@angular/forms": {
      "src": "../../../../../../node_modules/@angular/forms/fesm2022/forms.mjs",
      "file": "@angular_forms.js",
      "fileHash": "56de5135",
      "needsInterop": false
    },
    "@angular/platform-browser": {
      "src": "../../../../../../node_modules/@angular/platform-browser/fesm2022/platform-browser.mjs",
      "file": "@angular_platform-browser.js",
      "fileHash": "05374d25",
      "needsInterop": false
    },
    "@angular/router": {
      "src": "../../../../../../node_modules/@angular/router/fesm2022/router.mjs",
      "file": "@angular_router.js",
      "fileHash": "44963dd0",
      "needsInterop": false
    }
  },
  "chunks": {
    "chunk-AVJI2VNY": {
      "file": "chunk-AVJI2VNY.js"
    },
    "chunk-UDKCCVSU": {
      "file": "chunk-UDKCCVSU.js"
    },
    "chunk-XKM5KDHK": {
      "file": "chunk-XKM5KDHK.js"
    },
    "chunk-KCSUZAPK": {
      "file": "chunk-KCSUZAPK.js"
    }
  }
}